filename,title,keywords,summary,creation_date,edit_time
01022021030507-peripheral-nervous-system.md,Peripheral Nervous System,#zettel #pns #nervous #system #brain #archive,Notes on the peripheral nervous system,2021-01-01T00:00:00.0,2022-12-29T07:14:30.558
01022021030923-retinotopically-alpha-band.md,Anticipatory Biasing of Visuospatial Attention Indexed by Retinotopically Specific α-Bank Electroencephalography Increases over Occipital Cortex,##bibliography #attention #erp #archive,Quick review of this paper to understand how covert attention works and how the study was used to assess this,2021-01-01T00:00:00.0,2022-12-29T07:09:37.977
01022021031334-all-payer-claims.md,All-Payer Claims Database,##zettel #apcd #claims #database  #archive,An overview on what all payer claims databases are,2021-01-01T00:00:00.0,2022-12-29T07:14:59.979
01022021034134-automated-contact-tracing.md,Automated And Partly Automated Contact Tracing: A Systematic Review To Inform The Control Of COVID-19,##bibliography #contact #tracing #review #automated #ethics #archive,,2021-01-01T00:00:00.0,2022-12-29T07:15:11.634
01042021224715-sums-series.md,Mathematical Sums and Series,##summary #mathematics #sums #series #arithmetic #geometric #sequence #archive,Mathematical sums and series which are commonly used to assess complexity and create relationships,2021-01-04T00:00:00.0,2022-12-29T07:15:15.413
01052021044121-arithmetic-series.md,Arithmetic Sums & Series,##zettel #arithmetic #sums #series #proof  #archive,A brief overview on what arithmetic series are and some of its underlying math.,2021-01-04T00:00:00.0,2022-12-29T07:15:19.62
01062021042121-anticipatory-biasing.md,Anticipatory Biasing of Visuospatial Attention Indexed by Retinotopically Specific α-Bank Electroencephalography Increases over Occipital Cortex,##bibliography #archive,How EEGs were used to measure brain activity in this study,2021-01-06T00:00:00.0,2022-12-29T07:15:25.045
01072021054854-independent-component-analysis.md,Independent Component Analysis,##zettel #mathematics #analysis #independent #component #analysis #speech #fmri #noise #separation #archive,What independent component analysis is,2021-01-07T00:00:00.0,2022-12-29T07:15:31.215
01072021061204-nursing-home-staff.md,Nursing Home Staff Networks and COVID-19,##zettel #pandemic #covid #nursing #homes #archive,,2021-01-07T00:00:00.0,2022-12-29T07:15:37.049
01072021062203-divide-conquer.md,Divide and Conquer Algorithmic Design,##zettel #computer #science #algorithm #design #divide #conquer #archive,The divide and conquer design paradigm to break down a problem to smaller parts and rebuild it to a solution,2021-01-07T00:00:00.0,2022-12-29T07:15:42.915
01072021062915-mobility-patterns-gtri.md,"Timing of State and Territorial COVID-19 Stay-at-Home Orders and Changes in Population Movement — United States, March 1–May 31, 2020",##bibliography #covid #population #dynamics #gtri #cdc #mmwr #dataset #agriculture #rural #urban #archive,How population mobility was affected by US mandates for stay-at-home orders,2021-01-07T00:00:00.0,2022-12-29T07:16:06.562
01072021071650-loop-invariants.md,Loop Invariants,##zettel #computer #science  #archive,Statements used to show the correctness of an algorithm,2021-01-07T00:00:00.0,2022-12-29T07:16:11.215
01072021072305-algorithms.md,Algorithms,##summary #algorithms #computer science #archive,,2021-01-07T00:00:00.0,2022-12-29T07:16:15.445
01072021072613-random-access-model.md,Random Access Machine (RAM) Model,##zettel #random #access #machine #model #archive,Modeling computational actions as single step actions,2021-01-07T00:00:00.0,2022-12-29T07:16:22.906
01072021074632-computable-phenotypes.md,What Are Computable Phenotypes?,##zettel #ehr #electronic #health #records #computable #phenotypes #codes #icd-9 #icd-10 #snomed-ct #archive,An overview into what computable phenotypes are and how they are used.,2021-01-07T00:00:00.0,2022-12-29T07:16:41.849
01072021082043-book-of-why.md,The Book of Why,##bibliography #causality #diagrams #counterfactual #statistics #graphs ##book ##blog #archive,How causality gives us tools to understand the question of cause-and-effect and confounders,2021-01-07T00:00:00.0,2022-12-29T07:16:46.15
01072023205813-memory-chunks.md,How Big Is a Chunk?,#chunk #memory #bit #unit ##bibliography #archive,An interesting foundation for the notion of 'chunking' in memory and education research,2023-01-07T00:00:00.0,2023-01-08T18:50:52.832
01082021031034-electronic-health-records.md,Electronic Health Records,##zettel #ehr #healthcare #archive,An overview of Electronic Health Records,2021-01-07T00:00:00.0,2022-12-29T07:17:01.839
01112021180936-we-may-think.md,As We May Think,##bibliography #memex #thinking #knowledge #management #archive,An overview on Vannevar Bush's concept of a memex and additional thoughts on the issue of information overload,2021-01-11T00:00:00.0,2022-12-29T07:18:10.5
01112022214236-tracking-physiomes.md,Digital Health: Tracking Physiomes and Activity Using Wearable Biosensors Reveals Useful Health-Related Information,#mhealth #spo2 #heart #rate #skin #temperature #lyme #disease ##bibliography #archive,Utilizing wearables to detect and find abnormalities in patient conditions,2022-01-11T00:00:00.0,2022-12-29T07:18:28.924
01112022215755-oxygen-saturation.md,Peripheral Capillary Oxygen Saturation (SpO2),##summary ##healthcare #informatics #health #signal #biomarker #archive,A summary of what Peripheral Capillary Oxygen Saturation (SpO2) is and its use as a biomarker and use in signal processing.,2022-01-11T00:00:00.0,2022-12-29T07:18:33.076
01112022220843-spo2-explained.md,What Is Peripheral Capillary Oxygen Saturation (SpO2)?,#biomarker #biology #physiology #health #blood #signal #archive,What Peripheral Capillary Oxygen Saturation (SpO2) is and the pros and cons associated with its use,2022-01-11T00:00:00.0,2022-12-29T07:18:44.517
01132021041501-gold-diggers.md,"‘The Data Is Gold, And We Are The gold-diggers': Whiteness, Race And Contemporary Academic Research In Eastern DRC",##bibliography #race #whiteness #africa #data #gold  #archive,How data mining in African countries is a type of neocolonialism,2021-01-12T00:00:00.0,2022-12-29T07:18:51.44
01132021044141-universal-health-proposal.md,Making Fair Choices on the Path to Universal Health Coverage,##bibliography #universal #health #coverage #archive,,2021-01-12T00:00:00.0,2022-12-29T07:19:02.927
01202021041928-what-is-race.md,What Is Race,##zettel #race #archive,Overviews on what race is as a concept,2021-01-19T00:00:00.0,2022-12-29T07:19:26.696
01202021043013-census-groups.md,Census Groups,##zettel #census #usa #block #groups #cbgs #archive,Overview on what US Census block groups are,2021-01-19T00:00:00.0,2022-12-29T07:19:48.189
01202021043643-mobility-network-models.md,Mobility Network Models of COVID-19 Explain Inequities and Inform Reopening,##bibliography #places #interest #policy #bipartite #graphs #counterfactual #mobility #models  #archive,How estimations of mobility patterns were used to estimate infections and identify disparities in Census Block Groups,2021-01-19T00:00:00.0,2022-12-29T07:23:56.259
01282022220116-resource-description-framework.md,The Resource Description Framework (RDF) Explained,##outline #rdf #resource #description #framework #metadata #semantic #web #archive,An explanation on what the Resource Description Framework is,2022-01-28T00:00:00.0,2022-12-29T07:24:21.915
02072021223949-functional-gestures.md,Functional Gestures,##zettel #gestures #computer #vision #archive,Physical gestures that carry semantic meaning,2021-02-07T00:00:00.0,2022-12-29T07:28:53.764
02082021170353-cdm-standardized-tables.md,CDM Standardized Tables,#zettel #omop #cdm #table #standardized #archive,Standardized tables used in the OMOP Common Data Model,2021-02-08T00:00:00.0,2022-12-29T07:28:24.48
02082021203324-r-programming.md,Programming in R,#zettel #r #programming #statistics #archive,Tips and tricks I learn while writing R code,2021-02-08T00:00:00.0,2022-12-29T07:29:06.334
02082021203741-R-file-manipulation.md,Manipulating Files in R,#zettel #r #programming #tips #tricks #archive,Tips and tricks on how to manipulate files in R,2021-02-08T00:00:00.0,2022-12-29T07:29:14.34
02082021205610-renv-package.md,renv - Reproducible Environments in R,#zettel #r #programming #package #archive,Useful state of the art package for reproducing R projects,2021-02-08T00:00:00.0,2022-12-29T07:29:26.848
02092021024221-organized-denialism.md,Organized Denialism,##zettel #denialism #organized #archive,Organized ignorance and invalidation of legitimate information,2021-02-08T00:00:00.0,2022-12-29T07:30:16.188
02142021230244-positivism.md,Positivism,##zettela #positivism  #archive,The philosophy of positivism,2021-02-14T00:00:00.0,2022-12-29T07:30:23.003
02142022220749-claims-summary.md,What Are Claims?,#archive #us #claims #medical #process #patient,An overview on what are medical claims within the US,2022-02-14T00:00:00.0,2022-12-29T07:31:12.96
02152021024738-artificial-intelligence-timeline.md,Artificial Intelligence Timeline,##timeline #artificial #intelligence #history  #archive,A timeline summary of the history of Artificial Intelligence,2021-02-14T00:00:00.0,2022-12-29T07:31:22.398
02182022164256-rdf-history.md,History of the RDF,#rdf #history #w3c #metadata #archive,Very brief history of the RDF,2022-02-18T00:00:00.0,2022-12-29T07:31:28.091
02182022165447-rdf-overview.md,Overview of the Resource Description Framework (RDF),#rdf #overview #triplet #graph #framework #archive,An overview of the RDF and how it works,2022-02-18T00:00:00.0,2022-12-29T07:33:05.608
02182022172731-rdf-file-formats.md,RDF Data Storage Formats,#rdf #formats #data #turtle #xml #storage #archive,Types of data storage formats available for RDF,2022-02-18T00:00:00.0,2022-12-29T07:33:14.212
02182022190950-rdf-acset-representation.md,How To Imagine an RDF as an ACSet,#rdf #acset #graph #triple #archive,How RDFs can be conceptualized as an ACSet,2022-02-18T00:00:00.0,2022-12-29T07:34:02.162
02192022220548-database-schemas.md,Overview of Database Schemas,#archive #database #schema,A brief overview on what database schemas are,2022-02-19T00:00:00.0,2022-12-29T07:34:42.285
03012021162136-metapopulation-analysis.md,Metapopulation Analysis,##zettel #biology #sociology #population #analysis #mobility #extinction  #archive,An overview of metapopulation analysis and how it could be,2021-03-01T00:00:00.0,2022-12-29T07:35:51.024
03092020022148-health-spectrum.md,Health as a Spectrum,##zettel #health #society #public #archive,An idea that health can exist on a spectrum,2022-12-02T00:00:00.0,2022-12-29T07:36:16.407
03092020022908-education-spectrum.md,Education as a Spectrum,##zettel #education #knowledge #science #archive,The idea that there is no clear delineation of knowledge in reality.,2020-03-09T00:00:00.0,2022-12-29T07:36:59.704
03092020025554-health-index.md,"The Health Index, Jacob :mask:",##index ##health ##healthcare ##publichealth #pandemic #epidemiology #archive,"Index of topics pertaining to health, healthcare, public health, and other domains.",2020-03-09T00:00:00.0,2022-12-29T07:37:18.431
03092020031549-zettelkasten.md,Zettelkasten,##summary ##zettelkasten #learning #research #tool #archive,An overview on the Zettelkasten note taking system as made popular by sociologist Niklas Luhmann.,2022-12-02T00:00:00.0,2022-12-29T07:37:54.894
03092020031618-zettelkasten-principles.md,Principles of the Zettelkasten,##zettel #zettelkasten #principles #atomicity #archive,General principles on how to create and use a Zettelkasten.,2022-12-02T00:00:00.0,2022-12-29T07:38:03.898
03092020033420-aware-homes.md,Aware Homes,##summary ##technology #ubicomp #computerscience #technology #ambient #networking #archive,"A summary on what is an aware home, its history, and its applications",2022-12-02T00:00:00.0,2022-12-29T07:38:27.808
03092020035135-kidd-aware-home.md,The Aware Home: A Living Laboratory for Ubiquitous Computing Research,##zettel #awarehome #georgiatech #computerscience #research  #archive,Gives an overview of the Georgia Tech Aware Home.,2022-12-02T00:00:00.0,2022-12-29T07:38:34.65
03092020071146-context-aware.md,Context-Aware Applications,##zettel #ubicomp #computerscience #technology #awarehome #georgiatech #archive,Explains what is a context-aware application.,2022-12-02T00:00:00.0,2022-12-29T07:38:40.641
03102020004043-open-wearables-initiative.md,Open Wearables Initiative,##zettel #opensource #dataset #research #healthcare #technology #wearables #health #archive,OWEAR is a collaboration designed to promote the effective use of sensor-generated measures of health in clinical research through the open sharing and benchmarking of algorithms and datasets.,2020-03-10T00:00:00.0,2022-12-29T07:38:46.432
03102020051547-sars-cov-2.md,SARS-CoV-2,##summary ##health #covid19 #publichealth #pandemic #globalhealth #health #healthcare  #archive,Gives an overview of the 2020 SARS-CoV-2 (COVID19) pandemic and what the disease is.,2020-03-10T00:00:00.0,2022-12-29T07:38:54.474
03102020052237-covid19-dying.md,Risk of Dying from COVID19,##zettel #covid19 #health #disease #epidemiology  #archive,Note on the current fatality when acquiring COVID19.,2020-03-10T00:00:00.0,2022-12-29T07:38:59.276
03102020053006-cdc-respiratory-preventions.md,CDC Respiratory Disease Prevention,##zettel #cdc #health #publichealth #disease #archive,Note on generic methods on preventing respiratory infection approved by the CDC.,2020-03-10T00:00:00.0,2022-12-29T07:39:02.935
03102020054429-coronavirus-definition.md,Coronavirus Definition,##zettel #health #coronavirus #disease #epidemiology  #archive,Note on what coronavirus is.,2020-03-10T00:00:00.0,2022-12-29T07:39:05.756
03102020061135-raspberry-pi.md,Raspberry Pi,##summary ##computer ##raspberrypi ##technology #research #cheap #debian #archive,"A summary of tools, information, and resources related to the Raspberry Pi microcomputer.",2020-03-10T00:00:00.0,2022-12-29T07:39:40.527
03102020061429-wfdb-format.md,WFDB Record,##summary #wfdb #dataformat #storage #healthcare #opensource #standard  #archive,Overview of the Waveform Database (WFDB) record format,2020-03-10T00:00:00.0,2022-12-29T07:39:46.371
03152021204433-mysql-programming.md,Learning MySQL,##zettel #mysql #sql #query #language #databases #archive,Notes on my adventures in learning MySQL syntax and concepts,2021-03-15T00:00:00.0,2022-12-29T07:39:54.764
03172020033742-antifragility.md,Antifragility,##zettel #antifragile #philosophy #fragile #robust #model #archive,An overview on Nassim Taleb's thoughts on Antifragility.,2020-03-17T00:00:00.0,2022-12-29T07:40:00.902
03192020013253-bullet-journal.md,Bullet Journal,##summary ##bulletjournal #productivity #model #writing #journaling #reflection #projectmanagement #mentalhealth #creativity #archive,An overview of how to use a bullet journal and how to make one.,2020-03-19T00:00:00.0,2022-12-29T07:40:04.106
03192020013347-bullet-journal-month.md,Monthly Planning in a Bullet Journal,##zettel #bulletjournal #productivity #monthly  #archive,How to create a monthly plan when using a bullet journal.,2020-03-19T00:00:00.0,2022-12-29T07:40:07.005
03192020035337-bullet-journal-weekly.md,Weekly Planning in a Bullet Journal,##zettel #bulletjournal #productivity #weekly #gtd #archive,How to create a weekly plan when using a bullet journal.,2020-03-19T00:00:00.0,2022-12-29T07:40:09.069
03192020035441-bullet-journal-daily.md,Daily Planning in a Bullet Journal,##zettel #bulletjournal #productivity #journaling #writing #daily #key  #archive,How to create a daily plan when using a bullet journal.,2020-03-19T00:00:00.0,2022-12-29T07:40:12.451
03192020045854-get-things-done.md,Get Things Done,##summary ##gtd #productivity #models #business #archive,"An overview of David Allen's 'Get Things Done' framework to manage projects, tasks, and life.",2020-03-19T00:00:00.0,2022-12-29T07:40:15.134
03192020050130-gtd-definition.md,GTD Definition,##zettel #productivity #model #framework #definition #archive,A concise definition of what the GTD framework is.,2020-03-19T00:00:00.0,2022-12-29T07:40:17.388
03192020050207-gtd-implementation.md,GTD Implementation,##zettel #gtd #productivity #lists #projectmanagement #projects  #archive,A guide on how GTD is implemented.,2020-03-19T00:00:00.0,2022-12-29T07:40:19.738
03192020050249-gtd-weekly-review.md,GTD Weekly Review,##zettel #review #weekly #model #productivity #archive,How to conduct weekly reviews using GTD.,2020-03-19T00:00:00.0,2022-12-29T07:40:22.116
03192020050346-trigger-list.md,Trigger Lists,##zettel #archive,Trigger lists can be used to 'trigger' ideas or thoughts by reading custom phrases or items on a list.,2020-03-19T00:00:00.0,2022-12-29T07:40:24.772
03212020002114-causality-information.md,Causality and Information Retrieval,##zettel #justintime #informationretrieval #jitrs #causality #reasoning #ai #agi #archive,Thoughts on why I think JITRs are inferior to causal models.,2020-03-21T00:00:00.0,2022-12-29T07:40:56.025
03232020235136-electrodermal-activity.md,Electrodermal Activity,##summary ##signalprocessing ##healthcare #informatics #health #signalprocessing #signal #biomarker  #archive,A summary of what electrodermal activity is and its use as a biomarker and use in signal processing.,2020-03-23T00:00:00.0,2022-12-29T07:41:51.856
03242020003215-eda-explained.md,What Is Electrodermal Activity?,##zettel #biomarker #biology #physiology #health #signal #signalprocessing #stress  #archive,What electrodermal activity is and its pros and cons as a biomarker,2020-03-24T00:00:00.0,2022-12-29T07:41:56.495
03272020050924-discrete-haar.md,Discrete Haar Wavelet Transform,##zettel #signalprocessing #wavelet #changes #python  #archive,Introduction to discrete haar wavelet transform and use cases,2020-03-27T00:00:00.0,2022-12-29T07:42:04.889
03272020061037-eda-artifacts.md,Common Causes of Artifact in EDA Signals,##zettel #eda #signalprocessing #biomarker #artifact #noise #skin #archive,An overview of common artifacts in EDA signals,2020-03-27T00:00:00.0,2022-12-29T07:42:08.837
03272020062857-artifact-removal.md,Artifact Removal Methods,##summary #digital #signal #processing #artifact #removal #smoothing  #archive,An overview on commonly used signal processing methods to remove artifacts from signals.,2020-03-27T00:00:00.0,2022-12-29T07:42:11.712
03272020064312-exponential-smoothing.md,Exponential Smoothing,##zettel #signalprocessing #noise #artifact #smoothing #window #julialang #archive,An overview on how to use the exponential smoothing algorithm,2020-03-27T00:00:00.0,2022-12-29T07:42:13.883
03272020083421-call-center.md,Call Center Stress Recognition with Person-Specific Models,##bibliography #eda #mit #affectivecomputing #medialab #stress #archive,Assessment of stress in call center employees using skin conductance sensors to measure SCR/EDA.,2020-03-27T00:00:00.0,2022-12-29T07:42:16.659
03292020180520-smart-notes.md,How to Take Smart Notes,##bibliography #knowledge #notetaking #zettelkasten #mentalmodels #writing #blog #archive,Takeaways from the book How to Take Smart Notes,2020-03-29T00:00:00.0,2022-12-29T07:43:08.327
03292020221326-what-mental-models.md,What are Mental Models?,##zettel #mentalmodels #structure #thinking #knowledge  #archive,A brief synopsis on what mental models are,2020-03-29T00:00:00.0,2022-12-29T07:43:26.534
03302020002654-ought-create.md,How We Ought to Create,##zettel #writing #creating #academia #music #archive,A note on how we ought to create,2020-03-30T00:00:00.0,2022-12-29T07:43:39.417
03302020005409-note-criteria.md,Criteria for Creating a Note in the Zettelkasten,##zettel #zettelkasten #information #knowledge #criteria #questions #archive,Simple criteria for when and how to add notes to the Zettelkasten,2020-03-30T00:00:00.0,2022-12-29T07:44:42.039
03302020013824-linear-thinking.md,We Are Not Linear; Why Do We Learn Linearly?,##idea #thinking #education  #archive,Idea on thinking linearly,2020-03-30T00:00:00.0,2022-12-29T07:44:58.659
04092020153616-eda-biomarker.md,EDA as a Biomarker,##zettel #eda #biomarker #healthcare #biosystems #sensors #scl #skin #scr #response #archive,How EDA is used generally as a biomarker.,2020-04-09T00:00:00.0,2022-12-29T07:45:33.733
04092020161622-skin-conductance.md,What Is Skin Conductance Level?,##zettel #eda #scl #skin #response  #archive,Summary of what is skin conductance level.,2020-04-09T00:00:00.0,2022-12-29T07:45:36.199
04092020162632-skin-response.md,What Is Skin Conductance Response?,##zettel #scr #eda #fast #signal  #archive,A brief overview of what skin conductance response is and how it is conventionally used.,2020-04-09T00:00:00.0,2022-12-29T07:45:40.13
04092020195141-transparent-eda-data.md,"Simple, Transparent, and Flexible Automated Quality Assessment Procedures for Ambulatory Electrodermal Activity",##bibliography #eda #rochester #eda #rules #simple #transparent #autism #children #pediatrics #archive,"A simple, transparent, flexible, and automated quality assessment procedure for ambulatory EDA data",2020-04-09T00:00:00.0,2022-12-29T07:45:46.071
04102022034503-othello.md,Othello,##summary ##book #play #tragedy #racism #boredeom ##blog #archive,A review of the book Othello and some thoughts on the central conflict,2022-04-09T00:00:00.0,2022-12-29T07:45:51.467
04112022004224-lord-of-flies.md,Lord of the Flies,##summary ##book #survival #social #critique #archive,A review of the book as well as thoughts on why I did not enjoy it,2022-04-10T00:00:00.0,2022-12-29T07:46:16.483
04112022133109-denied-claims.md,Denied Claims,##summary #claims #denied #medical #archive,An overview of what denied claims are,2022-04-11T00:00:00.0,2022-12-29T07:46:23.645
04112022133137-rejected-claims.md,Rejected Claims,#medical #claims #rejected #summary #error #archive,An overview of what rejected claims are,2022-04-11T00:00:00.0,2022-12-29T07:46:26.641
04162022002725-mathematician-gender-rethinking.md,X + Y : A Mathematician’s Manifesto for Rethinking Gender,##summary ##blog #review #book #gender #ingressive #congressive #category #theory #archive,Book review on an approach of using category theory to decouple and discuss characteristics of gender without conflating the two - great read!,2022-04-15T00:00:00.0,2022-12-29T07:46:36.204
04162022021058-mansplaining.md,What Is Mansplaining?,##summary #mansplaining #gender #archive,An overview on the concept of mansplaining,2022-04-15T00:00:00.0,2022-12-29T07:46:42.19
04162022022947-body-mass-index.md,Body Mass Index (BMI),##summary #biomarker #body #mass #index #archive,An overview of the body mass index and some of the concern surrounding it.,2022-04-15T00:00:00.0,2022-12-29T07:46:51.666
04172022033744-open-knowledge-standard.md,The Open Knowledge Model,#open #knowledge #standard ##summary #format #blog #archive,A working proposal on a standard knowledge format for taking notes,2022-04-16T00:00:00.0,2022-12-30T06:55:56.422
04182020162028-global-programming.md,Global Programming Paradigm,##zettel #paradigms #models #writing #programming ##metascience #smart #blank #page #poet #archive,A thought on a global overlapping paradigm for developing useful and just-in-time software,2020-04-18T00:00:00.0,2022-12-29T07:48:11.896
04202022021854-picture-dorian-gray.md,The Picture of Dorian Gray,##summary #review #book #hedonism #privilege #corruption #morality #homosexuality #archive,"Book review on the extreme hedonism, classist privilege, and complete moral collapse written about Dorian Gray",2022-04-19T00:00:00.0,2022-12-29T07:48:21.061
04222020151920-linear-theorem.md,Possible Solution Sets for Linear Equations,##zettel #linearalgebra #deduction #system #linear #equations #theorem #math #archive,,2020-04-22T00:00:00.0,2022-12-29T07:48:24.993
04222020154543-data-fusion.md,Definition of Data Fusion,##zettel #data #fusion #definition #archive,One of the best definitions I have found for data fusion,2020-04-22T00:00:00.0,2022-12-29T07:48:27.988
04252020024813-median-filtering.md,Median Filtering,##zettel #signalprocessing #noise #artifact #filtering #window #julialang #median #movingaverage #downsampling #archive,An overview on how to use and implement a median filter,2020-04-25T00:00:00.0,2022-12-29T07:48:31.575
04282020175356-sleep-act.md,Sleep as an Act of Faith,##zettel #sleep #faith #psalm5 #archive #blog,Choosing to sleep is an act of faith,2020-04-28T00:00:00.0,2022-12-29T07:49:59.077
05022022144808-state-of-telehealth.md,State of Telehealth,##bibliography #telehealth #care #digital #chronic #acute #conditions #wait #time #archive,An overall summary and review of the state of telehealth based off literature,2022-05-02T00:00:00.0,2022-12-29T07:50:04.435
05022022153220-evaluating-telehealth.md,Strategies for Evaluating Telehealth,##bibliography #telehealth #sprout #quality #ahrq #who #care #delivery #archive,Short summary of the SPROUT Telehealth Evaluation and Measurement profile and how it is used,2022-05-02T00:00:00.0,2022-12-29T07:50:06.962
05022022155118-telehealth.md,Telehealth,##bibliography #telehealth #cpt #quality #multistate #licensing #archive,Exhaustive landscape analysis looking into telehealth opportunities and challenges,2022-05-02T00:00:00.0,2022-12-29T07:50:09.495
05022022171845-telehealth-global-emergencies.md,Telehealth for global emergencies: Implications for coronavirus disease 2019 (COVID-19),##bibliography #covid #telehealth #clinician #unwillingness #remittance #archive,A great summary of how telehealth interventions can be used both in the COVID-19 pandemic and in general,2022-05-02T00:00:00.0,2022-12-29T07:50:11.359
05022022181455-telehealth-explained.md,What Is Telehealth?,##outline #telehealth #background #emergency #framework #quality #care #acute #chronic #archive,An outline addressing what is telehealth and core components,2022-05-02T00:00:00.0,2022-12-29T07:50:13.354
05032020155207-fabrication-serendipity.md,Niklas Luhmann's Card Index: The Fabrication of Serendipity,##zettel #database #computer #niklasluhmann #zettelkasten  #archive,A more in-depth examination of the Zettelkasten method,2020-05-03T00:00:00.0,2022-12-29T07:50:23.72
05072022162026-personal-faith-perspectives.md,Personal Perspectives on Faith,##blog #faith #christianity #nicean #creed #archive,An evolving note on my perspectives on faith as a practicing,2022-05-07T00:00:00.0,2022-12-29T07:50:31.964
05082022174413-the-stranger.md,The Stranger,#archive,,2022-05-08T00:00:00.0,2022-12-29T07:51:04.703
05092020053727-incremental-reading.md,Incremental Reading,##zettel #incremental #reading ##knowledge ##technique #generation #interleaving #breaks #brief #attention #archive,An overview of the process of incremental reading,2020-05-09T00:00:00.0,2022-12-29T07:51:14.17
05092020053840-room-mind.md,The Room as an Extension of the Mind,##zettel #memory #mind #mental #smoking #jar #mess #corning #mapping #cognitive #load #archive,Working thought on how a person's environment can function as an extension of one's mental processes. Could possibly lead to decrease in cognitive loading.,2020-04-28T00:00:00.0,2022-12-29T07:51:25.651
05102020220941-leitner-system.md,Leitner System,##zettel #learning #repetition #flashcards #spaced  #archive,A brief overview of how the Leitner system works,2020-05-10T00:00:00.0,2022-12-29T07:51:44.124
05132020134039-linear-combination.md,Linear Combination,##zettel #linearalgebra #vectors ##mathematics #geometry #archive,A loose overview on linear combination and it geometric relationship,2020-05-13T00:00:00.0,2022-12-29T07:51:47.126
05132020135855-linear-vectors.md,Vectors,##zettel #column #vectors #linear #algebra ##mathematics  #archive,Simple write up on column vectors,2020-05-13T00:00:00.0,2022-12-29T07:51:49.307
05152022174848-structure-revolutions.md,The Structure of Scientific Revolutions,##book ##blog ##outline #review #normal #science #paradigm #shift #revolution #science #philosophy #crisis #archive,"A book review of Thomas Kuhn's most famous book that challenged all of the philosophy of science and introduced such concepts as normal science, paradigm shift, why non-scientific fields struggle with similar revolutions, and when one can adopt new paradigms.",2022-05-15T00:00:00.0,2022-12-29T07:51:54.733
05172020232612-smoking-cessation.md,Eight-Year Follow-Up Of A Community-Based Large Group Behavioral Smoking Cessation Intervention,##bibliography #smoking #cessation #jar #addiction #health #cognitive #behavioral #support #group #large #archive,Study involving effective cognitive behavioral-based interventions for increasing smoking cessation in large group settings.,2020-05-17T00:00:00.0,2022-12-29T07:52:14.039
05172021000348-book-of-ohdsi.md,The Book of OHDSI,##bibliography #ohdsi #research #omop #cdm #atlas #archive,The bible of OHDSI detailing how to work with the OHDSI research network.,2021-05-16T00:00:00.0,2022-12-29T07:52:17.723
05172021000429-observational-studies.md,Observational Research Studies,##zettel #observational #research #study #ohdsi #archive,,2021-05-16T00:00:00.0,2022-12-29T18:43:53.398
05172021002851-ohdsi-study-packages.md,OHDSI Study Packages,##zettel #reproducible #science #ohdsi #research #study #package #archive,,2021-05-16T00:00:00.0,2022-12-29T18:44:30.071
05182020005014-smoking-recovery-indicators.md,Predictors and Factors Affecting Smoking Cessation,##zettel #predictors #factors #positive #negative #drinking #support #stress  #archive,Common positive and negative factors facilitating smoking cessation.,2020-05-18T00:00:00.0,2022-12-29T18:45:11.922
05192020171152-implicit-return.md,Implicit Returns,##zettel #julialang #programming #implicit #return #archive,How Julia performs implicit returns,2020-05-19T00:00:00.0,2022-12-29T18:45:23.629
05202020224416-line-two-points.md,Finding a Line Which Contains Two Points,##zettel #algebra #line #point #slope #formula #archive,An explanation on how to find a line that fits to two points,2020-05-20T00:00:00.0,2022-12-29T18:45:31.24
05222022044134-normal-science.md,What is ,#normal #science #characteristics #work #archive,An overview of what normal science is according to Thomas Kuhn.,2022-05-22T00:00:00.0,2022-12-29T18:45:45.119
05222022044626-kuhnian-paradigm.md,What Are Kuhnian Paradigms?,##outline #science #normal #exemplar #paradigm #characteristics #archive,An overview on what Thomas Kuhn meant by paradigm and how that applies to science.,2022-05-22T00:00:00.0,2022-12-29T18:46:04.238
05222022045723-scientific-revolutions.md,Scientific Revolutions,##outline #revolution #scientific #shift #paradigm #archive,The careful nuance that Kuhn used when he created the phrase 'Scientific Revolution',2022-05-22T00:00:00.0,2022-12-29T18:46:10.76
05222022045931-new-paradigms.md,Invoking New Paradigms,#new #paradigm #adoption #faith #archive,The costs of invoking a new paradigm and the lead-up to developing one,2022-05-22T00:00:00.0,2022-12-29T18:46:21.571
05222022050357-non-linearity-science.md,On the Non-Linearity of Science,#view #paradigm #progress #science #history #textbooks #nonlinear #archive,The radical view that Thomas Kuhn introduced that science itself is not moving to any specific truth but rather that the scientific organ continues to move forward in a very heap-like fashion.,2022-05-22T00:00:00.0,2022-12-29T18:46:26.961
05222022225241-understanding-media-extensions.md,Understanding Media: The Extensions of Man,##book #review #media #extensions #anxiety #society #medium #global #village #technology #archive,An overview on this excellent book on media philosophy and media's intersection with society and its affects on people and community as well as eerie premonitions for the future of a technological age.,2022-05-22T00:00:00.0,2022-12-29T18:46:36.827
05232022035841-scrcpy-screen-copy.md,Scrcpy Screen Copy,#howto #screen #share #foss #android #archive,,2022-05-22T00:00:00.0,2022-12-29T18:46:45.956
05252020183020-spaced-repetition-systems.md,Spaced Repetition Systems,##zettel #spaced #repetition #system #spacing #effect ##learning #software  #archive,What are Spaced Repetition Systems and what is available?,2020-05-25T00:00:00.0,2022-12-29T18:46:56.311
05252020211350-hard-on-self.md,"Making Things Hard On Yourself, But In A Good Way: Creating Desirable Difficulties To Enhance Learning",##bibliography ##finish #performance #learning #forgetting #retrieval #strength #storage #generation #effect #archive,How increasing difficulties in learning can increase better long-term learning. Examples included.,2020-05-25T00:00:00.0,2022-12-29T18:47:02.375
05252020221842-digital-media.md,Underestimating Digital Media Harm,##bibliography #harm #depression #social #media #factors #mental #illness ##health #archive,Twenge's critique of modern day assessment of the negative impacts of social media on adolescents.,2020-05-25T00:00:00.0,2022-12-29T18:47:06.761
05252020222041-hebbian-theory.md,Hebbian Theory,##zettel ##finish #archive,An overview on what Hebbian Theory actually is,2020-05-25T00:00:00.0,2022-12-29T18:47:28.221
05282020163507-spacing-effect.md,Spacing Effect,##zettel #spacing #effect  #archive,A summary of the spacing effect,2020-05-28T00:00:00.0,2022-12-29T18:47:45.587
05282020164557-desirable-difficulties.md,"Making Things Hard On Yourself, But In A Good Way: Creating Desirable Difficulties To Enhance Learning",##bibliography ##finish #performance #storage #strength #difficulty #desirable #learning #archive,Practical discussion about how to introduce desirable learning difficulties into your learning patterns.,2020-05-28T00:00:00.0,2022-12-29T18:47:49.101
05282020172154-replication-ebbinghaus.md,Replication and Analysis of Ebbinghaus’ Forgetting Curve,##bibliography #archive,This is a replication study on the discovery of the forgetting curve as reported by Hermann Ebbinghaus in 1880.,2020-05-28T00:00:00.0,2022-12-29T20:42:42.865
06032020153234-householder-notation.md,Householder Notation,##zettel #linear #algebra #matrix #vector #scalar #greek #householder #notation #archive,Summary of how Householder notation works,2020-06-03T00:00:00.0,2022-12-29T18:50:06.283
06052020031214-brief-breaks.md,Brief And Rare Mental 'Breaks' Keep You Focused: Deactivation And Reactivation Of Task Goals Preempt Vigilance Decrements,##bibliography #breaks #vigilance #tasks #decrement #archive,How brief breaks can help you keep focused during long tasks,2020-06-05T00:00:00.0,2022-12-29T18:50:11.904
06072021202628-brfss-systematic-review.md,A Systematic Review of Publications Assessing Reliability and Validity of the Behavioral Risk Factor Surveillance System (BRFSS),#brfss #survey #reliability #validity #reports #archive,A systematic review to determine the reliability and validity of the BRFSS,2021-06-07T00:00:00.0,2022-12-29T18:50:17.529
06072021210734-mask-mandates-association.md,"Association of State-Issued Mask Mandates and Allowing On-Premises Restaurant Dining with County-Level COVID-19 Case and Death Growth Rates - United States, March 1 - December 31, 2020",#covid #growth #death #mask #mandates #policy #restaurants  #archive,How mask mandates could be correlated with on site dining and COVID death and growth rates,2021-06-07T00:00:00.0,2022-12-29T18:50:34.243
06072021214725-decline-hospitilizations-mask.md,"Decline in COVID-19 Hospitalization Growth Rates Associated with Statewide Mask Mandates — 10 States, March–October 2020",#hospitalization #covid #policy #mask #mandates #decrease #archive,How mask mandates were associated with decreases in COVID hospitalization growth rates,2021-06-07T00:00:00.0,2022-12-29T18:50:41.261
06082020234244-dempster-critique.md,A Case Study in the Failure to Apply the Results of Psychological Research,##bibliography #spacing #effect #critique #education #system #archive,A critique of possible reasons for why the Spacing Effect is not applied in American educational settings.,2020-06-08T00:00:00.0,2022-12-29T18:50:45.9
06082021141248-timing-community-mitigation.md,"Timing of Community Mitigation and Changes in Reported COVID-19 and Community Mobility - Four U.S. Metropolitan Areas, February 26 - April 1, 2020",#policy #mandate #community #mitigation #nonpharmaceutical #intervention #archive,,2021-06-08T00:00:00.0,2022-12-29T18:51:11.831
06082021203922-cuebiq-mobility-summary.md,Cuebiq Mobility Data Summary,#cuebiq #mobility #dataset #policy #index #cci #cmi  #archive,An overview of where Cuebiq mobility data comes from and a highlight of some of its key variables.,2021-06-08T00:00:00.0,2022-12-29T18:51:19.42
06172020134504-vector-algebra.md,Vector Algebra,##zettel #vector ##mathematics #linearalgebra #algebra #multiplication #addition #scalar #archive,The algebraic functions one can execute on a vector,2020-06-17T00:00:00.0,2022-12-29T18:51:26.101
06202020205907-digital-harm.md,Defining Digital Self-Harm,##bibliography #self #harm #online #digital #suicide #mentalhealth #archive,An overview on what is digital self harm,2020-07-08T00:00:00.0,2022-12-29T18:51:31.33
06252021233252-hadamard-division.md,Hadamard Division (Elementwise Division),#archive,,2021-06-25T00:00:00.0,2022-12-29T18:51:45.1
07062020233904-common-coronavirus.md,Information about Common Coronaviruses,##zettel #coronavirus #groups #common #archive,Information about common coronavirae,2020-07-06T00:00:00.0,2022-12-29T18:51:57.474
07062020234546-sars-coronavirus.md,SARS Coronavirae,##zettel #sars #coronavirus #different #archive,Unique characteristics of the SARS Coronvirae family,2020-07-06T00:00:00.0,2022-12-29T18:52:01.316
07082020155623-digital-self-harm.md,What is Digital Self-Harm,##zettel #harm #digital #non-suicidal #self #mentalhealth #illness #archive,Exploration of the idea of Digital Self-Harm,2020-07-08T00:00:00.0,2022-12-29T18:52:13.686
07082020161946-self-harm.md,What Is Self-Harm,##zettel #harm #self #suicide #mentalhealth #illness #hurting #pain ##summary #archive,Self-harm is a mental illness that results in causing pain or harm to oneself,2020-07-08T00:00:00.0,2022-12-29T18:52:17.781
07082020163004-ultralearning.md,Ultralearning,##bibliography #ultralearning #learning #framework #education #self #archive,A summary of what the ultralearning framework is,2020-07-12T00:00:00.0,2023-01-01T00:12:36.702
07102020174816-cytokine-asd-covid19.md,Hypothesis on Cytokine Dysregulation Worsened by COVID19 for People with ASD,##zettel #asd #autism ##hypothesis #health #mentalhealth #cytokine ##pandemic #covid19 #archive,Loose hypothesis on worsening of cytokine regulation via ASD and COVID19,2020-07-10T00:00:00.0,2022-12-29T18:56:33.604
07112020160049-covid-individuals-disability.md,COVID-19 and Pneumonia: Increased Risk for Individuals with Intellectual and Developmental Disabilities during the Pandemic,##bibliography #idd #intellectual #disability #developmental ##pandemic #risk #covid19 #archive,,2020-07-11T00:00:00.0,2022-12-29T18:56:44.287
07112020161337-social-determinants-health.md,Social Determinants of Health,##bibliography ##publichealth ##anthropology ##health #social #determinants #society #archive,The comprehensive inception of social determinants in healthcare and society,2020-07-11T00:00:00.0,2022-12-29T18:56:49.305
07112020165637-sars-cov-1.md,SARS-CoV-1,##zettel #sars #coronavirus #epidemic  #archive,,2020-07-11T00:00:00.0,2022-12-29T18:56:53.267
07122020043224-against-method.md,Against Method,##bibliography #education #philosophy #learning #archive #book,The use of anarchy as a philosophical approach to learning anything.,2020-07-12T00:00:00.0,2022-12-29T18:57:17.215
07122020164149-make-it-stick.md,Make It Stick: the Science of Successful Learning,##bibliography #learning #education #psychology #archive,How to not only remember things but to understand work,2020-07-12T00:00:00.0,2022-12-29T18:57:27.328
07122020172346-rest-best.md,Rest Is Best: The Role of Rest and Task Interruptions on Vigilance,##bibliography #vigilance #rest  #archive,How resting during vigilance tasks can actually improve focus long-term,2020-07-12T00:00:00.0,2022-12-29T18:57:30.887
07122020174529-indirect-self-harm.md,Indirect Self Harm,##zettel #self #harm #indirect #archive,Indirect self harm definition and associated examples,2020-07-12T00:00:00.0,2022-12-29T18:57:49.579
07122020185239-direct-self-harm.md,Direct Self-Harm,##zettel #direct #self #harm ##mentalhealth #illness #mental #archive,An overview of direct self harm and how it differs from other types of self-harming behaviors,2020-07-12T00:00:00.0,2022-12-29T18:57:53.405
07122020192840-suicide.md,Suicide,##zettel #suicide #mental #illness #death #archive,Defining and exploring what suicide is,2020-07-12T00:00:00.0,2022-12-29T18:58:14.592
07122020195122-sars-cov-treatments.md,Treatments for SARS-CoV,##zettel #treatment #SARS-CoV ##health #coronavirus  #archive,Known treatment methods for SARS-CoV,2020-07-12T00:00:00.0,2022-12-29T18:58:18.909
07132020022756-media-timothy.md,False Expertise,##zettel #social #media #polarization #knowledge #1timothy #archive,How Timothy speaks truth to today about false expertise abounding from social media,2020-07-12T00:00:00.0,2022-12-29T19:10:38.586
07132020185614-allostasis.md,What Is Allostasis?,##zettel #stress #fight #flight #response #archive,,2020-07-13T00:00:00.0,2022-12-29T19:19:09.565
07192020013500-trinetx-covid.md,TriNet,##zettel #covid19 ##pandemic #health #dataset #EMR #archive,An overview of what the TriNetX COVID-19 research platform is and how it works,2020-07-18T00:00:00.0,2022-12-29T19:19:30.621
07192020022823-intellectual-trinetx-analysis.md,Intellectual and Developmental Disability and COVID-19 Case-fatality Trends: TriNetX Analysis,##bibliography #covid19 ##pandemic #idd #intellectual #disability #archive,Intellectual and developmental disability and association with COVID-19 fatalities,2020-07-19T00:00:00.0,2022-12-29T19:19:56.589
07192020025408-intellectual-developmental-disability.md,Intellectual and Developmental Disability,##zettel #intellectual #developmental #disability #disability ##health #archive,What is Intellectual and Developmental Disability,2020-07-18T00:00:00.0,2022-12-29T19:20:07.506
07192020031136-covid-outcomes-disabilities.md,Covid-19 Outcomes Among People With Intellectual And Developmental Disability Living In Residential Group Homes In New York State,##bibliography #archive,Outcomes for individuals living with intellectual and developmental disabilities during the COVID-19 pandemic,2020-07-18T00:00:00.0,2022-12-29T19:20:30.458
07192020034934-asd-risk-factor.md,Could Autism Spectrum Disorders Be A Risk Factor For covid-19?,##bibliography #asd #autism #covid19 ##pandemic #archive,Autism Spectrum Disorders as a potential risk factor in COVID-19 outcomes,2020-07-18T00:00:00.0,2022-12-29T19:21:00.656
07222020181007-famous-quotes.md,Famous Quotes,#knowledge #quotes #archive,A collection of favorite quotes from books and people.,2020-07-22T00:00:00.0,2022-12-29T19:21:12.057
07282021174136-drug-approval.md,United States Drug Approval Process,#drug #approval #fda #food #drug #administration  #archive,How novel drugs are approved in the United States,2021-07-28T00:00:00.0,2022-12-29T19:21:17.068
07282021175202-fda-risk-prevention.md,FDA Amendment Act,#food #drug #administration #omop #act #congress #sentinel #initiative #archive,How the FDA addressed concerns about drug recalls,2021-07-28T00:00:00.0,2022-12-29T19:21:21.922
07282021181744-origins-omop.md,The Origins of the Observational Medical Outcomes Partnership (OMOP),#omop #medical #outcomes #partnership #observational #archive,The origins of the observational medical outcomes partnership,2021-07-28T00:00:00.0,2022-12-29T19:21:24.702
07282021184510-ohdsi-background.md,Observational Health Data Sciences and Informatics (OHDSI) Origins,#ohdsi #origins #archive,Origins of OHDSI initiative,2021-07-28T00:00:00.0,2022-12-29T19:21:27.394
07282021185354-ohdsi-goals.md,Goals of OHDSI,#ohdsi #goals #archive,The priorities and goals of OHDSI,2021-07-28T00:00:00.0,2022-12-29T19:21:30.719
07282021202459-exploring-ancestors-concept.md,Exploring Ancestors and Descendants of a Concept,#ohdsi #sql #ancestor #descendant #r  #archive,How to explore ancestors and descendants of OHDSI concepts,2021-07-28T00:00:00.0,2022-12-29T19:21:41.617
07282021211226-drug-concepts.md,Exploring Drug Concepts by Name,#ohdsi #sql #drug #name #r  #archive,How to explore drugs in an OHDSI table by name,2021-07-28T00:00:00.0,2022-12-29T19:21:44.528
08032021134232-notes-template.md,My Note Templates,#notes #template #archive #blog,The template I use for taking notes,2021-08-03T00:00:00.0,2022-12-30T06:49:25.309
08032021205910-establish-apcd.md,Tools for Improving Health Care Value Part 1: How States Establish an APCD and Make it Functional,#apcd #commonwealth #fund #transparency #recommendations  #archive,A summary paper detailing how to establish an All-Payers Claim Database with recommendations,2021-08-03T00:00:00.0,2022-12-29T19:22:13.333
08032021211415-apcd-recommendations.md,Recommendations for Creating a New All-Payers Claim Database,#apcd #recommendation #archive,Recommendations for Creating a New All-Payers Claim Database,2021-08-03T00:00:00.0,2022-12-29T19:22:17.754
08032021211753-virginia-apcd.md,Virginia All-Payers Claim Database,#apcd #virginia ##summary #archive,An overview of the Virginia All-Payers Claim Database,2021-08-03T00:00:00.0,2022-12-29T19:22:20.789
08052021202559-bundles-grouping.md,What Are Bundles or Groups?,#apcd #bundles #groups #groupers #definition #archive,Explaining what bundles or groups are in the context of All-Payer Claims Databases,2021-08-05T00:00:00.0,2022-12-29T19:22:34.607
08122022205622-assessing-phenotype-fairness.md,Assessing Phenotype Definitions for Algorithmic Fairness,##bibliography #phenotype #fairness #metrics #observational #health ##research #archive,A possible workflow for assessing fairness in the context of observational health studies,2022-08-12T00:00:00.0,2022-12-29T21:01:13.785
08192022115354-health-terrorism-factors.md,"Social Determinants of Health, Violent Radicalization, and Terrorism: A Public Health Perspective",##bibliography #terrorism #social #determinants #health #cohesion #social #isolation  #archive,A review on how terrorism intersects with the social determinants of health,2022-08-19T00:00:00.0,2022-12-29T19:23:27.075
08232022220130-people-become-terrorists.md,Why Do People Become Terrorists? A Prosecutor's Experiences,#archive #terrorist #motivation #violence,A autobiographical sketch on why a person might become a terrorist,2022-08-23T00:00:00.0,2022-12-29T19:24:12.543
08232022220628-origins-terrorism.md,The Origins Of Terrorism: Cross-country Estimates Of Socio-economic Determinants Of Terrorism,##bibliography #terrorism #socioeconomics #determinants #archive,Brief summary of paper examining socioeconomic impacts or determinants of terroristic ideology,2022-08-28T00:00:00.0,2022-12-29T19:24:16.968
08282022133230-definitions-around-terrorism.md,Definitions Concerning Terrorism,##summary #definition #terrorism #radicalization #fear #violence #archive,A summary note focused on definitions concerning terrorism and,2022-08-28T00:00:00.0,2022-12-29T19:24:23.784
08282022134930-social-determinants-terrorism.md,Social Determinants Surrounding Terrorism,#social #determinants #terrorism #health #violence #archive,Working note on the social determinants of terrorist activity in a vein inspired by the notion of social determinants of health,2022-08-28T00:00:00.0,2022-12-29T19:53:41.624
08282022135955-social-capital.md,Features of Social Capital,##summary #social #capital #risk #terrorism #violence #crime #archive,An overview on what social capital is and how it affects,2022-08-28T00:00:00.0,2022-12-29T19:53:44.555
08282022142544-jihad-definition.md,Overview of What Is Jihad,##summary #jihad #islam #holy #struggle #archive,Short summary on what is jihad and its various understandings,2022-08-28T00:00:00.0,2022-12-29T19:53:54.685
08312022162228-julia-lsp-setup.md,Setting Up Julia LSP for Neovim,##summary #neovim #julia #programming #archive,An explanation of how to setup the Julia LSP for Neovim,2022-08-31T00:00:00.0,2022-12-29T19:54:12.005
09082022131551-systematic-rural-review.md,A Systematic Review of the Health of Vulnerable Populations within US Rural Societies,##bibliography #review #vulnerable #populations #rural #us  #archive,An overview and summary of vulnerable populations that are particular to rural US,2022-09-08T00:00:00.0,2022-12-29T19:55:03.053
09082022132106-spatial-vulnerability-outcomes.md,Spatial exploration of the CDC's Social Vulnerability Index and heat-related health outcomes in Georgia,##bibliography #cdc #social #vulnerability #index #georgia #death #health  #archive,A small article on how the CDC's social vulnerability index was associated with heat-related morbidities in Georgia,2022-09-08T00:00:00.0,2022-12-29T19:55:11.946
09082022132448-covid-systemic-inequity.md,COVID-19 and the other pandemic: populations made vulnerable by systemic inequity,##bibliography #inequity #minorities #covid19 #pandemic #vulnerable  #archive,How the COVID pandemic lead to highlighting vulnerable populations introduced by systemic inequity for healthcare,2022-09-08T00:00:00.0,2022-12-29T19:55:17.012
09082022132720-lgbtq-psychologically-vulnerable.md,LGBTQ Populations: Psychologically Vulnerable Communities in the COVID-19 Pandemic,##bibliography #lgbtq #pandemic #covid19 #mental #health #vulnerable  #archive,A brief report on the risks encountered by LGBTQ communities as a result of the COVID-19 pandemic,2022-09-08T00:00:00.0,2022-12-29T19:55:20.995
09082022144933-social-vulnerability-index.md,Social Vulnerability Index,##summary #metric #social #vulnerability #index #svi #cdc  #archive,"An overview of the metric, Social Vulnerability Index, created by the Centers for Disease Control",2022-09-08T00:00:00.0,2022-12-29T19:55:26.577
09092022205654-streaming-data-scientists.md,Introduction To Streaming for Data Scientists,#archive #data #streaming,What is streaming data and how it can be used in data science and other applications,2022-09-09T00:00:00.0,2022-12-29T19:56:00.068
09162022162129-coproducts-disjoints.md,Coproducts (Disjoint Unions),##summary #category #theory #sets #union #archive,Exploration on the disjoint union of sets.,2022-09-16T00:00:00.0,2022-12-29T19:56:17.092
09172022051900-what-topology.md,What Is a Topological Space?,##summary #algebraic #topology #space #topological #archive,A brief understanding of my knowledge on topological spaces,2022-09-17T00:00:00.0,2022-12-29T19:56:21.339
09202021224748-all-of-us.md,All Of Us Initiative,##dataset #allofus #minority #archive,An overview of the All Of Us Research Dataset and Program,2021-09-20T00:00:00.0,2022-12-29T19:56:36.861
09242021040445-asymptotic-notation.md,Asymptotic Notation,#asymptotic #notation #complexity #bigo #masters #archive,An overview of asymptotic notation and time complexity,2021-09-28T00:00:00.0,2022-12-29T19:58:02.013
09302022033236-family-sets.md,Family of Sets,##summary #set #family #subset  #archive,A simple overview on what a family of sets actually is,2022-09-29T00:00:00.0,2022-12-29T19:58:05.232
09302022040126-indexed-sets.md,Indexed Sets (Or How to Index Sets),#set #theory #index #infinite #finite #interval  #archive,An attempt at understanding what are indexed sets and the various forms index sets can take,2022-09-30T00:00:00.0,2022-12-29T19:58:08.629
10012021003603-data-structures.md,Data Structures,##summary #data #structures #abstract #types #archive,An overview of asymptotic notation and time complexity,2021-09-28T00:00:00.0,2022-12-29T19:58:11.284
10012022184345-learning-lua.md,A Beginner's to Master's Guide in Learning Lua,#archive #lua #quick #start #programming,My notes on learning the Lua programming language,2022-10-01T00:00:00.0,2022-12-29T19:58:36.075
10022022212655-category-zulip-questions.md,Questions for the Category Theory Zulip,##outline  #archive,,2022-10-02T00:00:00.0,2022-12-29T19:58:41.178
10022022214249-understanding-coproducts.md,Clarifying Understanding of Coproducts,#question #zulip #category #theory #coproducts #disjoint #union #set  #archive,A line of questioning to ensure I understand what coproducts and disjoint unions are,2022-10-02T00:00:00.0,2022-12-29T19:58:47.66
10052021221736-abstract-data-types.md,Abstract Data Types,##summary #data #data #abstract #types #archive,An overview and summary on what are abstract data types and what kinds exist,2021-10-05T00:00:00.0,2022-12-29T19:59:00.034
10052021235121-amortized-analysis.md,Amortized Analysis,##summary #complexity #amortized #analysis #archive,An overview of amortized analysis when addressing complexity,2021-10-05T00:00:00.0,2022-12-29T19:59:02.69
10062021162335-ascets-paper.md,Categorical Data Structures for Technical Computing,#bibliography #acsets #graph #theory #category  #archive,"An overview on the applications of category theory to computing; introduces acsets, port graphs, and other applied category theory ideas.",2021-10-06T00:00:00.0,2022-12-29T19:59:09.523
10082020005615-multiscale-entropy.md,Multiscale Entropy,##zettel #statistics #entropy  #archive,Brief synopsis/explanation of what is Multiscale Entropy,2020-10-07T00:00:00.0,2022-12-29T20:10:55.697
10092021131742-advantaged-to-disadvantaged.md,Advantage to Disadvantage - Working Thoughts,#advantage #disadvantage #equity ##thought #race #class #archive,An overview on my current thinking about equity and those who,2021-10-09T00:00:00.0,2022-12-29T20:11:59.66
10152021023937-icu-rating-systems.md,Scoring systems in the intensive care unit: A compendium,##overview #intensive #care #unit #rating #scoring #prediction #quality #care #archive,A note that provides an overview to intensive care unit scoring systems,2021-10-14T00:00:00.0,2022-12-29T20:12:08.81
10152022173643-image-of-sets.md,"Images of Elements, Sets, and Functions",##summary #image #set #function #element #subset #domain #range #archive,"An overview on determining the image of elements, sets, and functions",2022-10-15T00:00:00.0,2022-12-29T20:12:12.236
10262020033701-drwatson-pkg.md,DrWatson.jl,##zettel #julialang #project #management #reproducible #science #archive,DrWatson is a strong tool for encouraging reproducible science and enforces good project management.,2020-10-10T00:00:00.0,2022-12-29T20:12:31.457
10262020041544-apache-arrow.md,Apache Arrow,##zettel #apache #arrow #dataframe #data #storage #format  #archive,Language-agnostic in-memory columnar format for analytical query engines and data frames,2020-10-26T00:00:00.0,2022-12-29T20:12:38.701
10282021140730-real-world-evidence.md,Real-World Data and Real-World Evidence,##summary #real #world #data #evidence #fda  #archive,A summary of what real-world data and evidence is according to the United States Food and Drug Administration,2021-10-28T00:00:00.0,2022-12-29T20:12:45.261
10282022132046-preimage-of-sets.md,"The Preimage of Elements, Sets, and Functions",#archive #sets #preimage #elements #functions,"How the preimage appears in elements, sets, and functions",2022-10-28T00:00:00.0,2022-12-29T20:13:21.92
10312022005339-fiber-product-pullback.md,Fiber Products (Pullbacks),##summary #fiber #product #pullback #category #theory  #archive,An overview on fiber products (aka pullbacks) and their features within category theory,2022-10-30T00:00:00.0,2022-12-29T20:13:57.343
11012021133502-weapons-math-destruction.md,Weapons of Math Destruction,#archive #book #weapon #math #destruction,How algorithms and mathematics can be used to construct active harm across populations,2021-11-01T00:00:00.0,2022-12-29T20:14:56.637
11032021155827-haskell-programming.md,Notes on Programming in Haskell,#syntax ##summary #haskell #programming #languages #archive,My notes on an overview and summary on how to use Haskell,2021-11-03T00:00:00.0,2022-12-29T20:15:16.46
11032021171123-prelude-haskell-library.md,Prelude - Haskell's Standard Library,#library #package #standard #prelude #haskell #programming #archive,An overview of important components from Haskell's standard,2021-11-03T00:00:00.0,2022-12-29T20:15:19.428
11032021180434-functional-programming.md,Functional Programming,#functional #programming #paradigm #archive,An overview on what functional programming is and the,2021-11-03T00:00:00.0,2022-12-29T20:15:23.931
11042022134535-structural-intersectionality.md,Structural Intersectionality as a New Direction for Health Disparities Research,##bibiliography #intersectionality #sociology #medical #equity #disparity #research  #archive,An introduction to intersectionality theory and medical sociological ideas at play within health disparities research,2022-11-04T00:00:00.0,2022-12-29T20:15:27.538
11042022141714-what-intersectionality-theory.md,What Is Intersectionality and Intersectionality Theory?,##summary #intersectionality #theory #health #research #equity  #archive,An overview and summary on what is intersectionality and,2022-11-04T00:00:00.0,2022-12-29T20:15:31.027
11042022160305-structural-racism.md,Structural Racism,#archive,What is structural racism and how it emerges in societies,2022-11-04T00:00:00.0,2022-12-29T20:15:46.249
11052020174635-brain-imaging-structure.md,Brain Imaging Data Structure (BIDS),##zettel #bids #neuroscience #brain #imaging #archive,An overview of the BIDS style for Brain Imaging Data.,2020-11-05T00:00:00.0,2022-12-29T20:27:52.846
11082021225843-pure-functions.md,Pure Functions in Programming,#pure #functions #functional #programming  #archive,An attempted overview on what is meant by pure functions,2021-11-08T00:00:00.0,2022-12-29T20:28:05.857
11132020052431-stereographic-projection.md,Stereographic Projection,##zettel #stereographic #projection #linearalgebra #math #archive,A small note on the stereographic projection method,2020-11-12T00:00:00.0,2022-12-29T20:28:16.297
11302020054820-voxel.md,What are Voxels,##summary #voxel #graphics #data #computer #science #archive,A summary on what voxels are and their applications,2020-11-30T00:00:00.0,2022-12-29T20:28:27.698
11302020054836-sliding-window-analysis.md,Sliding Window Analysis,##zettel #window #analysis #signal #processing #computerscience #algorithm #archive,How sliding window analysis works and is implemented,2020-11-30T00:00:00.0,2022-12-29T20:28:32.584
12092021200612-apcd-cdl.md,Review of the All-Payers Claims Database Common Data Layout,#archive,,2021-12-09T00:00:00.0,2022-12-29T20:28:36.28
12092021203839-types-claims.md,Various Types of Claims Types in the US,#claims #types #archive,,2021-12-09T00:00:00.0,2022-12-29T20:28:48.232
12092021205237-medical-claims-files.md,Medical Claims Files,#medical #claims ##summary #us #archive,A summary overview on what medical claims data are,2021-12-09T00:00:00.0,2022-12-29T20:28:50.967
12092021211642-pharmacy-claims-files.md,Pharmacy Claims Files,#pharmacy #claims ##summary #us #archive,A summary overview on what pharmacy claims data are,2021-12-09T00:00:00.0,2022-12-29T20:28:53.473
12092021212535-dental-claims-files.md,Pharmacy Claims Files,#pharmacy #claims ##summary #us #archive,A summary overview on what pharmacy claims data are,2021-12-09T00:00:00.0,2022-12-29T20:28:55.922
12092021213017-provider-files.md,Provider Files,#provider #files #provider #identifier #location ##summary #archive,An overview of what provider files are,2021-12-09T00:00:00.0,2022-12-29T20:28:59.224
12192020180920-sorting-algorithms.md,Sorting Algorithms,##summary #sorting #algorithms #recursion #computer #science #archive,Sorting algorithms take in an array of unsorted data as input,2020-12-19T00:00:00.0,2022-12-29T20:29:03.148
12192020184137-insertion-sort.md,Insertion Sort,##zettel #insertion #sorting #algorithms  #archive,,2020-12-19T00:00:00.0,2022-12-29T20:29:07.288
12192020184204-merge-sort.md,Merge Sort,##zettel #sorting #algorithms #divide #conquer #merge #archive,,2020-12-19T00:00:00.0,2022-12-29T20:29:10.337
12212020214012-selection-sort.md,Selection Sort,##zettel #selection #sort #algorithms #archive,Selection sort utilizes repeated usages of linear searches to,2020-12-21T00:00:00.0,2022-12-29T20:29:12.95
12212020214025-bubble-sort.md,Bubble Sort,##zettel #bubble #sort #algorithms #archive,,2020-12-21T00:00:00.0,2022-12-29T20:29:15.476
12242022202340-relativity-information-gaps.md,The Analogy between the Relativity of Simultaneity and Information Dissemination,#action #reaction #analogy #relativity #simultaneity #information #archive,A thought on the analogy between the relativity of simultaneity and information dissemination in consideration of Marshall MacLuhan's concept of the 'action and reaction',2022-12-24T00:00:00.0,2022-12-29T20:29:43.589
12242022211924-simultaneity-relativity.md,Relativity of Simultaneity,#physics #relativity #einstein #simultaneity #todo #archive,An overview of Einstein's concept of Relativity of Simultaneity,2022-12-24T00:00:00.0,2022-12-29T20:29:51.338
12262020224653-death-salesman.md,Death of a Salesman,##bibliography #capitalism #classic #fiction #satisfaction ##book ##blog #archive,"A wonderful but scathing critique of the American dream as told from the perspective of a low-income, and at times, lower-middle class, American family with the father eking out an existence as a traveling salesman.",2020-07-26T00:00:00.0,2022-12-29T20:29:55.367
12282020001029-overcoming-dimensionality-neuroscience.md,Data Visualization in the Neurosciences: Overcoming the Curse of Dimensionality,##bibliography #neuroscience #dataviz #curse #dimensionality #visualization #data #science #archive,How to approach the dilemma of visualizing complex data in neuroscience.,2020-12-27T00:00:00.0,2022-12-29T20:30:01.103
12282020003106-dynamic-functional-connectivity.md,Dynamic Functional Connectivity,##zettel #brain #dynamic #functional #connectivity #time #dfc #archive,The brain exhibiting changes to functional activity over time.,2020-12-27T00:00:00.0,2022-12-29T20:30:04.118
12282020003750-functional-mri.md,Functional Magnetic Resonance Imaging,##zettel #imaging #brain #fmri #archive,What is an fMRI or Functional Magnetic Resonance Imaging,2020-12-28T00:00:00.0,2022-12-29T20:30:25.575
12282020004327-functional-connectivity.md,Functional Connectivity,##zettel #brain #activity #functional #archive,Brain activity which occurs between spatially separated,2020-12-27T00:00:00.0,2022-12-29T20:30:28.49
12282020020156-brain-biomarkers.md,Common Biomarkers for the Brain,##zettel #biomarkers #brain #archive,,2020-12-27T00:00:00.0,2022-12-29T20:30:31.129
12282020022324-connectogram.md,What Is a Connectogram?,##zettel #connectogram #brain #neuroscience #dataviz #visualizations #archive,Connectograms visuzalize the complicated data found in,2020-12-27T00:00:00.0,2022-12-29T20:30:34.353
12282020023207-electroencephalographs.md,Electroencephalography,##zettel #archive,What is Electroencephalography?,2020-12-28T00:00:00.0,2022-12-29T20:30:47.796
12282020023843-contact-tracing.md,Contact Tracing,##zettel #cdc #contact #tracing #intervention #archive,Tracking contact between individuals of interest.,2020-12-27T00:00:00.0,2022-12-29T20:30:51.086
12282020152055-income-poverty-pandemic.md,Income and Poverty in the COVID-19 Pandemic,##bibliography #pandemic #covid #economics #poverty #population #survey  #archive,Emerging insights into income and poverty during the COVID-19 pandemic,2020-12-28T00:00:00.0,2022-12-29T20:31:09.416
12282020161201-magnetoencephalography.md,Magnetoencephalography (MEG),##zettel #meg #brain #activity #archive,What Magnetoencephalography is,2020-12-28T00:00:00.0,2022-12-29T20:31:21.384
12282020161408-positron-emission-tomography.md,Positron Emission Tomography (PET),##zettel #archive,What is Positron Emission Tomography (PET) scans,2020-12-28T00:00:00.0,2022-12-29T20:31:37.285
12292020005502-care-computable-phenotypes.md,Why everyone should care about 'Computable Phenotypes',##bibliography #computable #phenotypes #sepsis #lung #informatics  #archive,A brief summary on why this paper was not very useful in discussing computable phenotypes.,2020-12-28T00:00:00.0,2022-12-29T20:31:47.149
12302020172825-flow.md,Flow,##zettel #learning #flow #psychology #archive,What is the concept of flow and being in a flow state,2020-12-30T00:00:00.0,2022-12-29T20:32:01.339
12302020173101-computed-tomography.md,Computed Tomography,##zettel #imaging #tomography #archive,,2020-12-30T00:00:00.0,2022-12-29T20:32:07.427
12302020173322-magnetic-resonance-imaging.md,Magnetic Resonance Imaging,##zettel #imaging #mri #archive,,2020-12-30T00:00:00.0,2022-12-29T20:32:10.69
12302020173727-central-nervous-system.md,Central Nervous System,##zettel #cns #anatomy #brain  #archive,,2020-12-30T00:00:00.0,2022-12-29T20:32:13.603
12302020174059-autonomic-nervous-system.md,Autonomic Nervous System,##zettel #ans #nervous #brain #nerves #archive,,2020-12-30T00:00:00.0,2022-12-29T20:32:16.351
12312020233931-event-related-potential.md,Event Related Potential,##zettel #event #related #potential #erp #archive,,2020-12-31T00:00:00.0,2022-12-29T20:32:19.339
12312020235220-single-trial-eeg.md,From Single-Trial EEG To Brain Area Dynamics,##bibliography #eeg #brain #data #ica #archive,Modeling brain EEG using EEGLAB on a Go/Nogo Dataset to model brain activity,2020-12-31T00:00:00.0,2022-12-29T20:32:25.306
01082023043553-julia-async-workflow.md,Asynchronous Workflow Using Julia Tutorial,#blog #archive #julia #programming #literate #workflow #asynchronous #weave #browser #sync #node,"A thorough tutorial on how to use Julia for asynchronous workflows to do many things, at once!",2023-01-07T00:00:00.0,2023-01-14T06:30:19.454
01152023193153-juliacon-study-proposal.md,100 Million Patients: Julia for International Health Studies,#archive #juliacon #health #equity #mental #juliahealth,JuliaCon proposal for giving a full length talk on using Julia in an international healthcare study,2023-01-15T00:00:00.0,2023-01-16T05:44:58.352
01012023000122-graph-theory-learning.md,Achieving an Undergraduate Level Understanding of Graph Theory ,#zettel #ultralearning #graph #theory #project #archive #blog,Ultralearning project to learn the equivalent of an undergraduate maths of computer science student understanding of graph theory.,2022-12-31T00:00:00.0,2023-02-18T22:22:13.461
01072023041127-making-math-anki.md,Making Math Flashcards Using Spaced Repetition Systems,#math #learning #anki #flashcards #spaced #repetition #proofs #theorems #definitions #project #archive #blog,Composite guide in using spaced repetition systems in learning maths,2023-01-06T00:00:00.0,2023-01-30T17:18:38.809
01102023212115-computable-phenotypes.md,Developing a Robust Computable Phenotype Definition Workflow to Describe Health and Disease in Observational Health Research,#computable #phenotype #observational #health #blog #equity #archive,Considerations and discussion on a workflow for developing computable phenotype definitions to define disease,2023-01-10T00:00:00.0,2023-03-30T19:37:59.941
04012023221538-learning-proofs-beginners.md,Learning What Every Undergraduate Mathematician Should Know about Proofs,#zettel #archive #project #blog #proof,Ultralearning project to learn the equivalent of an undergraduate maths or computer science student understanding of proofs and how to write them.,2023-04-01T00:00:00.0,2023-04-01T23:46:56.83
